{"cameraMode":{"drawMode":0,"name":"Shaded","section":"Shading Mode"},"sceneLighting":true,"audioPlay":false,"sceneViewState":{"showFog":true,"showMaterialUpdate":false,"showSkybox":true,"showFlares":true,"showImageEffects":true,"showParticleSystems":true},"in2DMode":false,"pivot":{"x":0.06083504855632782,"y":1.1632148027420045,"z":1.897202730178833},"rotation":{"x":0.13904240727424622,"y":-0.008912450633943081,"z":0.0012514155823737383,"w":0.990245521068573},"size":5.746306419372559,"orthographic":false}