{"cameraMode":{"drawMode":0,"name":"Shaded","section":"Shading Mode"},"sceneLighting":true,"audioPlay":false,"sceneViewState":{"showFog":true,"showMaterialUpdate":false,"showSkybox":true,"showFlares":true,"showImageEffects":true,"showParticleSystems":true},"in2DMode":false,"pivot":{"x":0.00028884410858154297,"y":0.7826561331748962,"z":-0.009450435638427735},"rotation":{"x":0.16090290248394013,"y":-0.8265789747238159,"z":0.29425305128097536,"w":0.45198988914489748},"size":5.825666427612305,"orthographic":false}