{"cameraMode":{"drawMode":0,"name":"Shaded","section":"Shading Mode"},"sceneLighting":true,"audioPlay":false,"sceneViewState":{"showFog":true,"showMaterialUpdate":false,"showSkybox":true,"showFlares":true,"showImageEffects":true,"showParticleSystems":true},"in2DMode":false,"pivot":{"x":0.04242571443319321,"y":0.8044877052307129,"z":0.473652720451355},"rotation":{"x":0.3044920563697815,"y":0.0528293251991272,"z":-0.016916576772928239,"w":0.9508995413780212},"size":5.0852274894714359,"orthographic":false}